"","cluster"
"f0b3_4ef4","2"
"7ed8_4eff","2"
"690e_45c3","2"
"f9c8_4025","1"
"f5d3_41dd","2"
"15e4_4e17","2"
"b65a_44b4","2"
"8ebb_4e23","2"
"a6d0_4327","1"
"e207_4fcd","2"
"07f4_4e79","2"
"b9fb_4080","2"
"c3df_4109","2"
"0447_47e4","2"
"86aa_4206","2"
"1ca9_4a88","1"
"7bfd_4bf0","2"
"4ba3_4efe","2"
"273e_4084","2"
"ed81_42cb","2"
"cf2d_4e5f","2"
"22ea_40a1","2"
"ae28_4608","2"
"1299_419b","2"
"e380_4917","2"
"0d7e_4fec","2"
"fff9_43b1","2"
"2239_4ef1","2"
"502d_4e7d","1"
"9c8b_4a61","2"
"06f5_4503","2"
"6ebc_47ef","2"
"b3c4_45a5","2"
"fb20_4736","2"
"efe7_4deb","2"
"53ff_4183","2"
"44df_487e","2"
"74f3_4f8a","1"
"3a8f_4120","2"
"3b7f_4689","2"
"8cd5_4d95","2"
"767f_4e2a","2"
"107e_4776","2"
"179c_43ec","1"
"acb6_4308","2"
"29ed_4409","2"
"411a_4fba","2"
"d93e_43a4","2"
"87f0_42ad","2"
"36b7_4822","2"
"cd0c_4cca","2"
"f964_47ea","2"
"2cfc_42e1","2"
"e549_49d1","2"
"bf1e_4b60","2"
"5f2e_48a8","2"
"75cf_477a","2"
